{
  "accuracy": 0.842,
  "f1_macro": 0.81,
  "precision_macro": 0.83,
  "recall_macro": 0.8,
  "classification_report": {
    "0": {
      "precision": 0.85,
      "recall": 0.84,
      "f1-score": 0.84,
      "support": 5000
    },
    "1": {
      "precision": 0.8,
      "recall": 0.78,
      "f1-score": 0.79,
      "support": 5000
    },
    "2": {
      "precision": 0.84,
      "recall": 0.77,
      "f1-score": 0.8,
      "support": 5000
    }
  },
  "feature_importance": {
    "이용금액_3개월": 0.127,
    "최근_이용금액_비중": 0.085,
    "활동성_12개월": 0.081,
    "이용금액_6개월": 0.079,
    "활동성_3개월": 0.072,
    "이용금액_1개월": 0.067,
    "이용건수_3개월": 0.06,
    "이용금액_12개월": 0.058,
    "이용개월수_3개월": 0.051,
    "이용건수_6개월": 0.047
  }
}